"DisplayName","GroupType","SecurityType","IsTeam","SecurityEnabled","MailEnabled","MemberCount","OwnerCount","AdminRoleCount","GlobalAdminCount","GroupAdminCount","Visibility","SyncStatus","HasMail","MailAddress","MailNickname","ProxyAddressCount","HasAssignedLicenses","LicenseCount","HasLicenseErrors","Classification","HasExpiration","ExpirationDate","LastRenewed","Description","CreatedDate","RiskLevel","RiskReasons","GroupId"
"中国支店（Zoom）","メール対応セキュリティグループ","セキュリティ+メール","False","True","True","0","0","0","0","0","未設定","クラウドのみ","True","Fw.m-chugoku@mirai-const.co.jp","Fw.m-chugoku","2","False","0","False","未分類","False","無期限","2024/02/09","説明なし","2024/02/09","高","オーナー不在","01b16e3d-9369-46a9-b724-bd33865461da"
"012人事採用","セキュリティグループ","セキュリティのみ","False","True","False","9","0","0","0","0","未設定","オンプレミス同期","False","設定なし","012____","0","False","0","False","未分類","False","無期限","2024/07/17","説明なし","2024/07/17","高","オーナー不在","0622fbd1-d002-4e22-9bd5-13bdd9736c6e"
"015リスク統括","セキュリティグループ","セキュリティのみ","False","True","False","8","0","0","0","0","未設定","オンプレミス同期","False","設定なし","015__","0","False","0","False","未分類","False","無期限","2024/07/23","リスク統括部用","2024/07/23","高","オーナー不在","06c9eb66-1839-4fbf-93ec-51bbd2d15bcf"
"電子入札（東京支店）","メール対応セキュリティグループ","セキュリティ+メール","False","True","True","3","0","0","0","0","未設定","クラウドのみ","True","Fw.bid-info04m@mirai-const.co.jp","Fw.bid-info04m","2","False","0","False","未分類","False","無期限","2024/02/09","説明なし","2024/02/09","高","オーナー不在","099f3221-5ab6-4fca-8371-7803992b5569"
"管理（九州）","メール対応セキュリティグループ","セキュリティ+メール","False","True","True","2","0","0","0","0","未設定","クラウドのみ","True","Fw.kanri-kyushu@mirai-const.co.jp","Fw.kanri-kyushu","2","False","0","False","未分類","False","無期限","2024/09/05","管理（九州）","2024/09/05","高","オーナー不在","0de8b9e7-f897-486e-b352-57076cb92596"
"会計システムサポート用","メール対応セキュリティグループ","セキュリティ+メール","False","True","True","2","0","0","0","0","未設定","クラウドのみ","True","Fw.kaikei-support@mirai-const.co.jp","Fw.kaikei-support","2","False","0","False","未分類","False","無期限","2024/02/09","説明なし","2024/02/09","高","オーナー不在","1043816d-e4b4-4d3c-84ac-03db22a58ddf"
"CIM用12","メール対応セキュリティグループ","セキュリティ+メール","False","True","True","0","0","0","0","0","未設定","クラウドのみ","True","Fw.cim-master12@mirai-const.co.jp","Fw.cim-master12","2","False","0","False","未分類","False","無期限","2024/02/09","説明なし","2024/02/09","高","オーナー不在","1204f146-05e3-4103-b35a-0a28f268992f"
"005安全品質環境本部GS","セキュリティグループ","セキュリティのみ","False","True","False","2","0","0","0","0","未設定","オンプレミス同期","False","設定なし","005________GS","0","False","0","False","未分類","False","無期限","2024/07/23","グリーンサイトバックアップ用","2024/07/23","高","オーナー不在","121a88e0-268a-4f0e-b987-91afd3192b17"
"丸田雅博","メール対応セキュリティグループ","セキュリティ+メール","False","True","True","1","0","0","0","0","未設定","クラウドのみ","True","Fw.m-maruta@mirai-const.co.jp","Fw.m-maruta","2","False","0","False","未分類","False","無期限","2024/02/09","説明なし","2024/02/09","高","オーナー不在","12646e5a-218b-46a7-872d-f8a2b29720c4"
"G創意工夫","セキュリティグループ","セキュリティのみ","False","True","False","42","0","0","0","0","未設定","オンプレミス同期","False","設定なし","G____","0","False","0","False","未分類","False","無期限","2024/08/08","説明なし","2024/08/08","高","オーナー不在","135faacf-8e75-4e50-a9f0-a75a100c7c46"
"CIM用01","メール対応セキュリティグループ","セキュリティ+メール","False","True","True","0","0","0","0","0","未設定","クラウドのみ","True","Fw.cim-master01@mirai-const.co.jp","Fw.cim-master01","2","False","0","False","未分類","False","無期限","2024/02/09","説明なし","2024/02/09","高","オーナー不在","15a535d8-392e-47a7-8d67-a834e2424f70"
"G入札検証","セキュリティグループ","セキュリティのみ","False","True","False","69","0","0","0","0","未設定","オンプレミス同期","False","設定なし","G____","0","False","0","False","未分類","False","無期限","2024/10/21","入札検証（直轄港湾）","2024/10/21","高","オーナー不在","1675980d-1eec-419a-894b-73f76f1c464c"
"059九州","セキュリティグループ","セキュリティのみ","False","True","False","12","0","0","0","0","未設定","オンプレミス同期","False","設定なし","059__","0","False","0","False","未分類","False","無期限","2024/07/17","西日本土木本店・九州支店","2024/07/17","高","オーナー不在","17c95289-6f78-4b9a-8f68-26a952930246"
"山口晴久","メール対応セキュリティグループ","セキュリティ+メール","False","True","True","1","0","0","0","0","未設定","クラウドのみ","True","Fw.h-yamaguchi@mirai-const.co.jp","Fw.h-yamaguchi","2","False","0","False","未分類","False","無期限","2024/02/09","説明なし","2024/02/09","高","オーナー不在","1bbaba3e-34bd-4b62-8ad3-7e92d1550567"
"904C賃金台帳（東北）","セキュリティグループ","セキュリティのみ","False","True","False","13","0","0","0","0","未設定","オンプレミス同期","False","設定なし","904C________","0","False","0","False","未分類","False","無期限","2024/07/17","説明なし","2024/07/17","高","オーナー不在","1c109259-6e25-4975-8b28-a0350cda1316"
"電子入札（北海道支店）","メール対応セキュリティグループ","セキュリティ+メール","False","True","True","5","0","0","0","0","未設定","クラウドのみ","True","Fw.bid-info02m@mirai-const.co.jp","Fw.bid-info02m","2","False","0","False","未分類","False","無期限","2024/02/09","説明なし","2024/02/09","高","オーナー不在","1c1cc39a-1ca3-456e-bf09-56f4e4c13efd"
"032民間営業","セキュリティグループ","セキュリティのみ","False","True","False","44","0","0","0","0","未設定","オンプレミス同期","False","設定なし","032____","0","False","0","False","未分類","False","無期限","2024/07/23","民間営業","2024/07/23","高","オーナー不在","1ce3a127-040b-4195-828e-6bdb224b26e4"
"004監査役（営業本部）","セキュリティグループ","セキュリティのみ","False","True","False","16","0","0","0","0","未設定","オンプレミス同期","False","設定なし","004_________","0","False","0","False","未分類","False","無期限","2024/07/17","監査役（営業本部）","2024/07/17","高","オーナー不在","2204645b-6918-45c8-9bd3-3b85a4e392b5"
"043東北","セキュリティグループ","セキュリティのみ","False","True","False","27","0","0","0","0","未設定","オンプレミス同期","False","設定なし","043__","0","False","0","False","未分類","False","無期限","2024/07/10","東北支店","2024/07/10","高","オーナー不在","223f2870-7360-4065-a249-a7c5c80ec9c9"
"電子入札（四国営業支店）","メール対応セキュリティグループ","セキュリティ+メール","False","True","True","1","0","0","0","0","未設定","クラウドのみ","True","Fw.bid-info12m@mirai-const.co.jp","Fw.bid-info12m","2","False","0","False","未分類","False","無期限","2024/02/09","四国営業支店","2024/02/09","高","オーナー不在","2446dcc4-9407-42e4-a869-6470b14fe6d3"
"ハレクラニ桟橋","Microsoft Teams","統合グループ","True","False","True","5","1","1","0","1","Private","クラウドのみ","True","msteams_8ab9c3@mirai-const.co.jp","msteams_8ab9c3","3","False","0","False","未分類","False","無期限","2020/07/03","ハレクラニ桟橋","2020/07/03","低","なし","24afa80e-3b63-4730-be10-48f24d0037e7"
"904A賃金台帳（北海道）","セキュリティグループ","セキュリティのみ","False","True","False","12","0","0","0","0","未設定","オンプレミス同期","False","設定なし","904A_________","0","False","0","False","未分類","False","無期限","2024/07/17","説明なし","2024/07/17","高","オーナー不在","25254cf0-48c6-4e6a-a166-f8442e60d810"
"CIM用16","メール対応セキュリティグループ","セキュリティ+メール","False","True","True","0","0","0","0","0","未設定","クラウドのみ","True","Fw.cim-master16@mirai-const.co.jp","Fw.cim-master16","2","False","0","False","未分類","False","無期限","2024/02/09","説明なし","2024/02/09","高","オーナー不在","25354ed3-62fe-4b2a-924c-7bae80c0bfb2"
"appleID用","メール対応セキュリティグループ","セキュリティ+メール","False","True","True","1","0","0","0","0","未設定","クラウドのみ","True","Fw.apple-id@mirai-const.co.jp","Fw.apple-id","2","False","0","False","未分類","False","無期限","2024/02/09","説明なし","2024/02/09","高","オーナー不在","26ee10ce-f6ea-4c05-a0c4-bd2a89faf620"
"041北海道","セキュリティグループ","セキュリティのみ","False","True","False","20","0","0","0","0","未設定","オンプレミス同期","False","設定なし","041___","0","False","0","False","未分類","False","無期限","2024/07/17","北海道支店","2024/07/17","高","オーナー不在","275bb671-8dfc-4278-90d5-0b5723301bc4"
"CIM用07","メール対応セキュリティグループ","セキュリティ+メール","False","True","True","0","0","0","0","0","未設定","クラウドのみ","True","Fw.cim-master07@mirai-const.co.jp","Fw.cim-master07","2","False","0","False","未分類","False","無期限","2024/02/09","説明なし","2024/02/09","高","オーナー不在","2b9ee0da-d8b9-4724-99d9-172ce2d50469"
"HP管理","メール対応セキュリティグループ","セキュリティ+メール","False","True","True","2","0","0","0","0","未設定","クラウドのみ","True","Fw.hp-kanri@mirai-const.co.jp","Fw.hp-kanri","2","False","0","False","未分類","False","無期限","2024/02/09","説明なし","2024/02/09","高","オーナー不在","2bf15844-1d64-45e1-ba57-d917018355f9"
"技術本部技術部（山本ー平田）","Microsoft Teams","統合グループ","True","False","True","2","1","1","0","1","Public","クラウドのみ","True","msteams_4937c8@mirai-const.co.jp","msteams_4937c8","3","False","0","False","未分類","False","無期限","2023/01/19","技術本部技術部","2023/01/19","中","パブリックメール配信グループ","2c588f6a-ca1c-4221-a375-0f3bad1cc827"
"大阪支店インボイス用","メール対応セキュリティグループ","セキュリティ+メール","False","True","True","6","0","0","0","0","未設定","クラウドのみ","True","Fw.kanri-oosaka@mirai-const.co.jp","Fw.kanri-oosaka","2","False","0","False","未分類","False","無期限","2024/02/09","説明なし","2024/02/09","高","オーナー不在","2d2d58dc-186c-4ef1-9435-9f63cb4d6992"
"G技術者情報","セキュリティグループ","セキュリティのみ","False","True","False","29","0","0","0","0","未設定","オンプレミス同期","False","設定なし","G_____","0","False","0","False","未分類","False","無期限","2025/05/13","2023/7/31登録","2025/05/13","高","オーナー不在","3060a8c8-9683-4cfc-813c-a98a827a4fd4"
"電子入札（東北支店）","メール対応セキュリティグループ","セキュリティ+メール","False","True","True","3","0","0","0","0","未設定","クラウドのみ","True","Fw.bid-info03m@mirai-const.co.jp","Fw.bid-info03m","2","False","0","False","未分類","False","無期限","2024/02/09","名前の修正","2024/02/09","高","オーナー不在","32ce0d6e-7579-4b70-8851-c016493f601e"
"012人事給与","セキュリティグループ","セキュリティのみ","False","True","False","6","0","0","0","0","未設定","オンプレミス同期","False","設定なし","012____","0","False","0","False","未分類","False","無期限","2024/07/17","管理本部・総務人事部","2024/07/17","高","オーナー不在","36fcfa1c-22d1-4628-a0b5-388e7956e6e6"
"鈴木弘之","メール対応セキュリティグループ","セキュリティ+メール","False","True","True","1","0","0","0","0","未設定","クラウドのみ","True","Fw.h-suzuki@mirai-const.co.jp","Fw.h-suzuki","2","False","0","False","未分類","False","無期限","2024/02/09","説明なし","2024/02/09","高","オーナー不在","38cdc33e-43e4-41f0-b842-130b2e1d9a3f"
"Autocad管理用","メール対応セキュリティグループ","セキュリティ+メール","False","True","True","3","0","0","0","0","未設定","クラウドのみ","True","Fw.cad-master@mirai-const.co.jp","Fw.cad-master","2","False","0","False","未分類","False","無期限","2024/02/09","説明なし","2024/02/09","高","オーナー不在","3f56808a-823e-4968-af04-430b44cb70fc"
"030技術本部","セキュリティグループ","セキュリティのみ","False","True","False","52","0","0","0","0","未設定","オンプレミス同期","False","設定なし","030____","0","False","0","False","未分類","False","無期限","2024/07/17","技術本部","2024/07/17","高","オーナー不在","4001e0df-b4b4-4a96-a27c-c248bff13cf2"
"電子入札用（茨木営業支店）","メール対応セキュリティグループ","セキュリティ+メール","False","True","True","1","0","0","0","0","未設定","クラウドのみ","True","Fw.bid-info07m@mirai-const.co.jp","Fw.bid-info07m","2","False","0","False","未分類","False","無期限","2024/02/09","名前修正","2024/02/09","高","オーナー不在","40b50482-7148-47f2-a1f2-de8c9012f6db"
"有明営業所（Zoom）","メール対応セキュリティグループ","セキュリティ+メール","False","True","True","0","0","0","0","0","未設定","クラウドのみ","True","Fw.m-ariake@mirai-const.co.jp","Fw.m-ariake","2","False","0","False","未分類","False","無期限","2024/02/09","説明なし","2024/02/09","高","オーナー不在","4259f330-1f71-4a2e-98f9-2d8be61d876c"
"TCS用","メール対応セキュリティグループ","セキュリティ+メール","False","True","True","0","0","0","0","0","未設定","クラウドのみ","True","Fw.tcs-info@mirai-const.co.jp","Fw.tcs-info","2","False","0","False","未分類","False","無期限","2024/02/09","説明なし","2024/02/09","高","オーナー不在","42772a15-bad2-479f-b88b-bd091138a889"
"みらい建設ユニオン","メール対応セキュリティグループ","セキュリティ+メール","False","True","True","2","0","0","0","0","未設定","クラウドのみ","True","Fw.union@mirai-const.co.jp","Fw.union","2","False","0","False","未分類","False","無期限","2024/02/09","説明なし","2024/02/09","高","オーナー不在","429a5512-a006-4e0b-9179-1b02658f1b69"
"CIM用15","メール対応セキュリティグループ","セキュリティ+メール","False","True","True","0","0","0","0","0","未設定","クラウドのみ","True","Fw.cim-master15@mirai-const.co.jp","Fw.cim-master15","2","False","0","False","未分類","False","無期限","2024/02/09","説明なし","2024/02/09","高","オーナー不在","43fa5189-9151-45d7-af52-2aca79c52177"
"CIM用14","メール対応セキュリティグループ","セキュリティ+メール","False","True","True","0","0","0","0","0","未設定","クラウドのみ","True","Fw.cim-master14@mirai-const.co.jp","Fw.cim-master14","2","False","0","False","未分類","False","無期限","2024/02/09","説明なし","2024/02/09","高","オーナー不在","4561e475-b708-4a19-af6c-772c82aad2b8"
"CIM用04","メール対応セキュリティグループ","セキュリティ+メール","False","True","True","0","0","0","0","0","未設定","クラウドのみ","True","Fw.cim-master04@mirai-const.co.jp","Fw.cim-master04","2","False","0","False","未分類","False","無期限","2024/02/09","説明なし","2024/02/09","高","オーナー不在","45aca7e3-b607-4052-8742-dc8af88e0a71"
"電子入札（沖縄営業所）","メール対応セキュリティグループ","セキュリティ+メール","False","True","True","2","0","0","0","0","未設定","クラウドのみ","True","Fw.bid-info14m@mirai-const.co.jp","Fw.bid-info14m","2","False","0","False","未分類","False","無期限","2024/02/09","沖縄営業所","2024/02/09","高","オーナー不在","47b9eb79-3af2-42cf-b6f3-e2c8f56139d4"
"netis","メール対応セキュリティグループ","セキュリティ+メール","False","True","True","6","0","0","0","0","未設定","クラウドのみ","True","Fw.netis@mirai-const.co.jp","Fw.netis","2","False","0","False","未分類","False","無期限","2025/04/02","netis","2025/04/02","高","オーナー不在","4ba77635-86e5-4f52-abf5-c22dcd4fe0ba"
"032民間営業機密情報","セキュリティグループ","セキュリティのみ","False","True","False","44","0","0","0","0","未設定","オンプレミス同期","False","設定なし","032________","0","False","0","False","未分類","False","無期限","2024/07/23","説明なし","2024/07/23","高","オーナー不在","4dfb07b1-79b0-4074-9099-43ea1ceb8a82"
"CSR報告書ワーキング","Microsoft Teams","統合グループ","True","False","True","10","1","1","0","1","Private","クラウドのみ","True","msteams_7e52e5_753650@miraiconst.onmicrosoft.com","msteams_7e52e5_753650","2","False","0","False","未分類","False","無期限","2025/05/14","(安全品質環境本部品質環境部)
CSR報告書作成","2025/05/14","低","なし","4e6ea41f-e6d1-4522-9917-04db1c2ec5a1"
"電子入札（大阪支店）","メール対応セキュリティグループ","セキュリティ+メール","False","True","True","4","0","0","0","0","未設定","クラウドのみ","True","Fw.bid-info10m@mirai-const.co.jp","Fw.bid-info10m","2","False","0","False","未分類","False","無期限","2024/02/09","説明なし","2024/02/09","高","オーナー不在","5097d0d8-c453-40dc-840b-928ac305a733"
"沖縄営業所（Zoom）","メール対応セキュリティグループ","セキュリティ+メール","False","True","True","0","0","0","0","0","未設定","クラウドのみ","True","Fw.okinawa@mirai-const.co.jp","Fw.okinawa","2","False","0","False","未分類","False","無期限","2024/02/09","説明なし","2024/02/09","高","オーナー不在","550a876a-b045-4a81-a209-f736d92ff238"
"決算業務","Microsoft Teams","統合グループ","True","False","True","9","1","1","0","1","Private","クラウドのみ","True","msteams_d18f24_383803@miraiconst.onmicrosoft.com","msteams_d18f24_383803","2","False","0","False","未分類","False","無期限","2025/04/09","(管理本部総務部)
決算業務の情報連携としてご利用ください","2025/04/09","低","なし","5ea210ef-a55b-470e-b93e-331e2075dcff"
"057中部","セキュリティグループ","セキュリティのみ","False","True","False","14","0","0","0","0","未設定","オンプレミス同期","False","設定なし","057__","0","False","0","False","未分類","False","無期限","2024/07/17","西日本土木本店・中部営業支店","2024/07/17","高","オーナー不在","60540d02-39db-46ca-80c6-4433b8a13651"
"相良宏介","メール対応セキュリティグループ","セキュリティ+メール","False","True","True","1","0","0","0","0","未設定","クラウドのみ","True","Fw.k-sagara@mirai-const.co.jp","Fw.k-sagara","2","False","0","False","未分類","False","無期限","2024/02/09","説明なし","2024/02/09","高","オーナー不在","61efa1ff-579b-45d6-a96c-59410b3c5f01"
"004監査役（管理本部）","セキュリティグループ","セキュリティのみ","False","True","False","11","0","0","0","0","未設定","オンプレミス同期","False","設定なし","004_________","0","False","0","False","未分類","False","無期限","2024/07/17","監査役（管理本部）","2024/07/17","高","オーナー不在","641c3bab-3061-4a79-877b-510f15a7867e"
"SNS","Microsoft Teams","統合グループ","True","True","True","4","1","1","0","1","Private","クラウドのみ","True","SNS@miraiconst.onmicrosoft.com","SNS","2","False","0","False","未分類","False","無期限","2024/11/29","(管理本部人事部)
SNS用","2024/11/29","低","なし","64bd44f0-e2a3-432b-8120-62dd93ab900e"
"電子入札用","メール対応セキュリティグループ","セキュリティ+メール","False","True","True","0","0","0","0","0","未設定","クラウドのみ","True","Fw.bid-info19m@mirai-const.co.jp","Fw.bid-info19m","2","False","0","False","未分類","False","無期限","2024/02/09","説明なし","2024/02/09","高","オーナー不在","68c5579e-508f-4961-8fb2-ad267b7e5e6c"
"005安全環境品証","セキュリティグループ","セキュリティのみ","False","True","False","27","0","0","0","0","未設定","オンプレミス同期","False","設定なし","005______","0","False","0","False","未分類","False","無期限","2024/07/17","安全環境品証部","2024/07/17","高","オーナー不在","6a594fe9-2204-4569-af5a-e8727d19cb80"
"本社会議室２階②（Zoom）","メール対応セキュリティグループ","セキュリティ+メール","False","True","True","0","0","0","0","0","未設定","クラウドのみ","True","Fw.honsya2-2@mirai-const.co.jp","Fw.honsya2-2","2","False","0","False","未分類","False","無期限","2024/02/09","説明なし","2024/02/09","高","オーナー不在","6b2f20b9-748e-48c9-b235-d2e551e8c268"
"G派遣社員","セキュリティグループ","セキュリティのみ","False","True","False","4","0","0","0","0","未設定","オンプレミス同期","False","設定なし","G____","0","False","0","False","未分類","False","無期限","2024/09/05","派遣社員用アクセス規制用","2024/09/05","高","オーナー不在","6f1f27a1-9412-41f1-9c58-3af5d03c9169"
"HP問合せﾌｫｰﾑ受信用（技術部）","メール対応セキュリティグループ","セキュリティ+メール","False","True","True","0","0","0","0","0","未設定","クラウドのみ","True","Fw.tech@mirai-const.co.jp","Fw.tech","2","False","0","False","未分類","False","無期限","2024/02/09","説明なし","2024/02/09","高","オーナー不在","6f2990a3-6bd2-4eba-9bcc-cdcb6f14fc21"
"004監査役（管理本部人事部）","セキュリティグループ","セキュリティのみ","False","True","False","10","0","0","0","0","未設定","オンプレミス同期","False","設定なし","004____________","0","False","0","False","未分類","False","無期限","2024/07/17","監査役（管理本部人事部）","2024/07/17","高","オーナー不在","70ceb624-50ba-4849-8cbb-34b21f2a1688"
"みらい建設工業株式会社","Microsoft Teams","統合グループ","True","False","True","466","4","4","0","4","Public","クラウドのみ","True","msteams_b0f075@miraiconst.onmicrosoft.com","msteams_b0f075","1","False","0","False","未分類","False","無期限","2020/02/12","みらい建設工業株式会社","2020/02/12","中","パブリックメール配信グループ","70d9400d-d366-42fb-8038-7fa5098c245c"
"Amazonビジネス管理用","メール対応セキュリティグループ","セキュリティ+メール","False","True","True","2","0","0","0","0","未設定","クラウドのみ","True","Fw.amazon-biz@mirai-const.co.jp","Fw.amazon-biz","2","False","0","False","未分類","False","無期限","2024/02/09","説明なし","2024/02/09","高","オーナー不在","7227fd9d-299a-4c3d-9276-8f45b2b33447"
"北九州営業所（Zoom）","メール対応セキュリティグループ","セキュリティ+メール","False","True","True","0","0","0","0","0","未設定","クラウドのみ","True","Fw.kita-kyushu@mirai-const.co.jp","Fw.kita-kyushu","2","False","0","False","未分類","False","無期限","2024/02/09","説明なし","2024/02/09","高","オーナー不在","7498653e-32b7-4db1-ad3b-49918bf6639f"
"勤怠データ送信用（人事部管理）","メール対応セキュリティグループ","セキュリティ+メール","False","True","True","0","0","0","0","0","未設定","クラウドのみ","True","Fw.tc-info@mirai-const.co.jp","Fw.tc-info","2","False","0","False","未分類","False","無期限","2024/02/09","説明なし","2024/02/09","高","オーナー不在","759863d2-b244-4f3c-a24f-5c7c8d86f066"
"web会議用","メール対応セキュリティグループ","セキュリティ+メール","False","True","True","1","0","0","0","0","未設定","クラウドのみ","True","Fw.mirai-zoom@mirai-const.co.jp","Fw.mirai-zoom","2","False","0","False","未分類","False","無期限","2024/02/09","説明なし","2024/02/09","高","オーナー不在","76ed7e14-0ca3-40cf-a4fb-c32a0f2e2d9f"
"HP技術問合せ用","メール対応セキュリティグループ","セキュリティ+メール","False","True","True","3","0","0","0","0","未設定","クラウドのみ","True","Fw.sp-info@mirai-const.co.jp","Fw.sp-info","2","False","0","False","未分類","False","無期限","2024/02/09","説明なし","2024/02/09","高","オーナー不在","76f92d0a-eb47-417c-b3bf-45618219257b"
"004監査役（安全品質環境本部）","セキュリティグループ","セキュリティのみ","False","True","False","12","0","0","0","0","未設定","オンプレミス同期","False","設定なし","004_____________","0","False","0","False","未分類","False","無期限","2024/07/17","監査役（安全品質環境本部）","2024/07/17","高","オーナー不在","77f2d687-f5a3-4873-a678-08a56b3e63b4"
"031技営営業","セキュリティグループ","セキュリティのみ","False","True","False","20","0","0","0","0","未設定","オンプレミス同期","False","設定なし","031____","0","False","0","False","未分類","False","無期限","2024/07/23","技術営業本部・営業部","2024/07/23","高","オーナー不在","786ddc9c-e76e-42ea-b9f0-c5060e1cddc4"
"技術","メール対応セキュリティグループ","セキュリティ+メール","False","True","True","7","0","0","0","0","未設定","クラウドのみ","True","Fw.gijyutsu@mirai-const.co.jp","Fw.gijyutsu","2","False","0","False","未分類","False","無期限","2025/04/17","技術","2025/04/17","高","オーナー不在","78be4078-ad50-4fe7-8379-1190c54657dc"
"関西支店・ＷＴＣ現場用","メール対応セキュリティグループ","セキュリティ+メール","False","True","True","0","0","0","0","0","未設定","クラウドのみ","True","Fw.keikai@mirai-const.co.jp","Fw.keikai","2","False","0","False","未分類","False","無期限","2024/02/09","説明なし","2024/02/09","高","オーナー不在","791b4812-3ce9-4fce-835b-b8e6073b16d6"
"045東京","セキュリティグループ","セキュリティのみ","False","True","False","48","0","0","0","0","未設定","オンプレミス同期","False","設定なし","045__","0","False","0","False","未分類","False","無期限","2024/07/08","東京支店　2021/02/22作成","2024/07/08","高","オーナー不在","798b46cb-03df-41b1-aefc-4797cae93de1"
"東京工事事務所（Zoom）","メール対応セキュリティグループ","セキュリティ+メール","False","True","True","0","0","0","0","0","未設定","クラウドのみ","True","Fw.tokyokoji@mirai-const.co.jp","Fw.tokyokoji","2","False","0","False","未分類","False","無期限","2024/02/09","説明なし","2024/02/09","高","オーナー不在","7b5e8914-1e4f-430b-a628-a3dc2b9b86d8"
"電子入札（九州支店）","メール対応セキュリティグループ","セキュリティ+メール","False","True","True","8","0","0","0","0","未設定","クラウドのみ","True","Fw.bid-info13m@mirai-const.co.jp","Fw.bid-info13m","2","False","0","False","未分類","False","無期限","2024/02/09","九州支店","2024/02/09","高","オーナー不在","7b6df8c6-6e88-4d56-acdf-6f25ae453599"
"020ソリューション","セキュリティグループ","セキュリティのみ","False","True","False","48","0","0","0","0","未設定","オンプレミス同期","False","設定なし","020_______","0","False","0","False","未分類","False","無期限","2024/07/23","2023/4/1新設","2024/07/23","高","オーナー不在","7bbc7a54-e9a8-407e-9b31-391b167db3e3"
"G社員","セキュリティグループ","セキュリティのみ","False","True","False","394","0","0","0","0","未設定","オンプレミス同期","False","設定なし","DirectCloud","0","False","0","False","未分類","False","無期限","2024/09/05","20240905（派遣社員は除く）","2024/09/05","高","オーナー不在, 大規模セキュリティグループ","7d999b15-6a9f-4984-b5ba-6c96501ce9d3"
"007共通管理","セキュリティグループ","セキュリティのみ","False","True","False","24","0","0","0","0","未設定","オンプレミス同期","False","設定なし","007____","0","False","0","False","未分類","False","無期限","2024/07/17","本社管理部共通","2024/07/17","高","オーナー不在","7e910ccc-bc3a-4478-a291-83a7a9227d1e"
"北海道支店（Zoom）","メール対応セキュリティグループ","セキュリティ+メール","False","True","True","0","0","0","0","0","未設定","クラウドのみ","True","Fw.hokkaido@mirai-const.co.jp","Fw.hokkaido","2","False","0","False","未分類","False","無期限","2024/02/09","説明なし","2024/02/09","高","オーナー不在","809b69ce-199e-4702-b2f2-2aa677a8c15f"
"電子入札（本社）","メール対応セキュリティグループ","セキュリティ+メール","False","True","True","3","0","0","0","0","未設定","クラウドのみ","True","Fw.bid-info01m@mirai-const.co.jp","Fw.bid-info01m","2","False","0","False","未分類","False","無期限","2024/02/09","説明なし","2024/02/09","高","オーナー不在","80ec6a4f-d808-4529-a5ea-b82c8a6632a7"
"904Ｍ賃金台帳（大阪）","セキュリティグループ","セキュリティのみ","False","True","False","13","0","0","0","0","未設定","オンプレミス同期","False","設定なし","904_________","0","False","0","False","未分類","False","無期限","2024/07/17","説明なし","2024/07/17","高","オーナー不在","825d2cc0-2c65-4067-aca6-82bcb7308576"
"メール取得用みらい","メール対応セキュリティグループ","セキュリティ+メール","False","True","True","0","0","0","0","0","未設定","クラウドのみ","True","Fw.mail-info@mirai-const.co.jp","Fw.mail-info","2","False","0","False","未分類","False","無期限","2024/02/09","説明なし","2024/02/09","高","オーナー不在","82b8961f-f714-4f7e-8c07-9c1631142054"
"058中国","セキュリティグループ","セキュリティのみ","False","True","False","4","0","0","0","0","未設定","オンプレミス同期","False","設定なし","058__","0","False","0","False","未分類","False","無期限","2024/07/17","西日本土木本店・中国営業支店","2024/07/17","高","オーナー不在","834d3f1b-ba3b-4683-ae83-61d3fefac4fd"
"HP問合せ用","メール対応セキュリティグループ","セキュリティ+メール","False","True","True","5","0","0","0","0","未設定","クラウドのみ","True","Fw.m-info@mirai-const.co.jp","Fw.m-info","2","False","0","False","未分類","False","無期限","2024/02/09","説明なし","2024/02/09","高","オーナー不在","835b20cc-7c9b-494a-84a8-7e8bc9314503"
"CIM用09","メール対応セキュリティグループ","セキュリティ+メール","False","True","True","0","0","0","0","0","未設定","クラウドのみ","True","Fw.cim-master09@mirai-const.co.jp","Fw.cim-master09","2","False","0","False","未分類","False","無期限","2024/02/09","説明なし","2024/02/09","高","オーナー不在","84d1af8c-f1f4-4aad-8737-ac02a8b5694b"
"本社会議室２階①（Zoom）","メール対応セキュリティグループ","セキュリティ+メール","False","True","True","0","0","0","0","0","未設定","クラウドのみ","True","Fw.honsya2-1@mirai-const.co.jp","Fw.honsya2-1","2","False","0","False","未分類","False","無期限","2024/02/09","説明なし","2024/02/09","高","オーナー不在","891a01ca-e702-439f-ad46-935642851449"
"Office365管理用","メール対応セキュリティグループ","セキュリティ+メール","False","True","True","3","0","0","0","0","未設定","クラウドのみ","True","Fw.admin@mirai-const.co.jp","Fw.admin","2","False","0","False","未分類","False","無期限","2024/02/09","説明なし","2024/02/09","高","オーナー不在","8d5b7551-5a41-4c81-93e4-7e4c8eb45b49"
"CIM用03","メール対応セキュリティグループ","セキュリティ+メール","False","True","True","0","0","0","0","0","未設定","クラウドのみ","True","Fw.cim-master03@mirai-const.co.jp","Fw.cim-master03","2","False","0","False","未分類","False","無期限","2024/02/09","説明なし","2024/02/09","高","オーナー不在","8ea56637-4aaf-4213-9526-a88da1e39f06"
"電子入札（能登営業所）","メール対応セキュリティグループ","セキュリティ+メール","False","True","True","2","0","0","0","0","未設定","クラウドのみ","True","Fw.bid-info15m@mirai-const.co.jp","Fw.bid-info15m","2","False","0","False","未分類","False","無期限","2024/02/09","能登営業所","2024/02/09","高","オーナー不在","8efad69f-0d18-47c4-b33b-80b55093dc81"
"TCSで利用（前橋氏）","メール対応セキュリティグループ","セキュリティ+メール","False","True","True","0","0","0","0","0","未設定","クラウドのみ","True","Fw.magnetadmin@mirai-const.co.jp","Fw.magnetadmin","2","False","0","False","未分類","False","無期限","2024/02/09","説明なし","2024/02/09","高","オーナー不在","8fe13897-d28a-4124-a81d-b7b7fafc3e6d"
"Gユニオン","セキュリティグループ","セキュリティのみ","False","True","False","7","0","0","0","0","未設定","オンプレミス同期","False","設定なし","G____","0","False","0","False","未分類","False","無期限","2024/07/08","説明なし","2024/07/08","高","オーナー不在","90de9ace-7d30-450b-aa46-23cd2d40bea9"
"技術本部技術部（山本－小堀）","Microsoft Teams","統合グループ","True","False","True","2","1","1","0","1","Public","クラウドのみ","True","msteams_385056@mirai-const.co.jp","msteams_385056","4","False","0","False","未分類","False","無期限","2023/03/14","技術本部技術部（山本－小堀）","2023/03/14","中","パブリックメール配信グループ","91604b26-0cfa-4211-943e-852fdbbef2ae"
"財務用","メール対応セキュリティグループ","セキュリティ+メール","False","True","True","3","0","0","0","0","未設定","クラウドのみ","True","Fw.zaimu@mirai-const.co.jp","Fw.zaimu","2","False","0","False","未分類","False","無期限","2024/02/09","説明なし","2024/02/09","高","オーナー不在","91865c26-5e50-40a4-aaf1-126c9101ff8e"
"001社長室","セキュリティグループ","セキュリティのみ","False","True","False","9","0","0","0","0","未設定","オンプレミス同期","False","設定なし","001___","0","False","0","False","未分類","False","無期限","2024/08/01","管理本部・経営企画部","2024/08/01","高","オーナー不在","91a620e9-ea39-47cc-b3f9-9de8e9965aa1"
"管理（北海道）","メール対応セキュリティグループ","セキュリティ+メール","False","True","True","1","0","0","0","0","未設定","クラウドのみ","True","Fw.kanri-hokkaido@mirai-const.co.jp","Fw.kanri-hokkaido","2","False","0","False","未分類","False","無期限","2025/06/10","管理（北海道）","2025/06/10","高","オーナー不在","93d0c0a5-b013-4461-ae3c-10d657f7bdf1"
"電子入札（北陸営業所）","メール対応セキュリティグループ","セキュリティ+メール","False","True","True","0","0","0","0","0","未設定","クラウドのみ","True","Fw.bid-info08m@mirai-const.co.jp","Fw.bid-info08m","2","False","0","False","未分類","False","無期限","2024/02/09","説明なし","2024/02/09","高","オーナー不在","967e7e55-8a5d-4288-af9f-784e76a4b18c"
"経営企画","メール対応セキュリティグループ","セキュリティ+メール","False","True","True","2","0","0","0","0","未設定","クラウドのみ","True","Fw.keieikikaku@mirai-const.co.jp","Fw.keieikikaku","2","False","0","False","未分類","False","無期限","2024/02/09","説明なし","2024/02/09","高","オーナー不在","998309e7-bbe1-4a48-9dda-d393e49356b4"
"WEB管理用","メール対応セキュリティグループ","セキュリティ+メール","False","True","True","0","0","0","0","0","未設定","クラウドのみ","True","Fw.webadmin@mirai-const.co.jp","Fw.webadmin","2","False","0","False","未分類","False","無期限","2024/02/09","説明なし","2024/02/09","高","オーナー不在","9bfb9db0-ce6e-498c-847e-79f94309f2ac"
"014経理個人情報","セキュリティグループ","セキュリティのみ","False","True","False","5","0","0","0","0","未設定","オンプレミス同期","False","設定なし","014______","0","False","0","False","未分類","False","無期限","2025/05/07","管理本部・経理部","2025/05/07","高","オーナー不在","9bfbb250-d517-4a66-bd13-b4cd548ed673"
"みらい建設工業 人事採用","メール対応セキュリティグループ","セキュリティ+メール","False","True","True","5","0","0","0","0","未設定","クラウドのみ","True","Fw.jinji-saiyou@mirai-const.co.jp","Fw.jinji-saiyou","2","False","0","False","未分類","False","無期限","2024/02/09","人事","2024/02/09","高","オーナー不在","9e6a9393-3199-4bfa-bf60-f2f5eda4afcc"
"ＴＣＳ監視用","メール対応セキュリティグループ","セキュリティ+メール","False","True","True","0","0","0","0","0","未設定","クラウドのみ","True","Fw.tcs-kanshi@mirai-const.co.jp","Fw.tcs-kanshi","2","False","0","False","未分類","False","無期限","2024/02/09","説明なし","2024/02/09","高","オーナー不在","9f66f2ed-c80a-4fb8-9ba1-4eb5bf937c70"
"G中期経営計画","セキュリティグループ","セキュリティのみ","False","True","False","14","0","0","0","0","未設定","オンプレミス同期","False","設定なし","G______","0","False","0","False","未分類","False","無期限","2024/08/08","2018と2022を集約、中期経営計画一本に統一","2024/08/08","高","オーナー不在","a5e6f879-b815-4519-b962-28e0dd93973c"
"004監査役","セキュリティグループ","セキュリティのみ","False","True","False","1","0","0","0","0","未設定","オンプレミス同期","False","設定なし","004___","0","False","0","False","未分類","False","無期限","2024/07/17","監査役（本人）","2024/07/17","高","オーナー不在","a5ea67c0-7154-4b42-b406-636e94d2d25c"
"技術本部技術部（石原ー山本）","Microsoft Teams","統合グループ","True","False","True","2","1","1","0","1","Public","クラウドのみ","True","msteams_48a151@mirai-const.co.jp","msteams_48a151","3","False","0","False","未分類","False","無期限","2023/03/14","技術本部技術部（石原ー山本）","2023/03/14","中","パブリックメール配信グループ","a74514f6-8422-4898-840a-14406f1d9f25"
"電子入札（中部支店）","メール対応セキュリティグループ","セキュリティ+メール","False","True","True","4","0","0","0","0","未設定","クラウドのみ","True","Fw.bid-info09m@mirai-const.co.jp","Fw.bid-info09m","2","False","0","False","未分類","False","無期限","2024/02/09","説明なし","2024/02/09","高","オーナー不在","a829e7d2-55d3-44a1-a061-9a6b777b456e"
"吉岡英明","メール対応セキュリティグループ","セキュリティ+メール","False","True","True","0","0","0","0","0","未設定","クラウドのみ","True","Fw.h-yoshioka@mirai-const.co.jp","Fw.h-yoshioka","2","False","0","False","未分類","False","無期限","2024/02/09","説明なし","2024/02/09","高","オーナー不在","aa0bae6e-af11-4dd4-93d6-0ce6ac3a4b4f"
"管理本部 総務部 システムG","Microsoft Teams","統合グループ","True","False","True","5","1","1","0","1","Private","クラウドのみ","True","G@mirai-const.co.jp","G","3","False","0","False","未分類","False","無期限","2020/05/11","(管理本部総務部） 
管理本部 総務部 システムG","2020/05/11","低","なし","aa81cbf0-96aa-400c-893a-9770e31b78cd"
"ＴＣＳヘルプデスク","メール対応セキュリティグループ","セキュリティ+メール","False","True","True","0","0","0","0","0","未設定","クラウドのみ","True","Fw.tcs-help@mirai-const.co.jp","Fw.tcs-help","2","False","0","False","未分類","False","無期限","2024/02/09","説明なし","2024/02/09","高","オーナー不在","aaa237d1-6dda-41f6-9d1f-57d0dcf8e8f5"
"システム窓口","メール対応セキュリティグループ","セキュリティ+メール","False","True","True","3","0","0","0","0","未設定","クラウドのみ","True","Fw.system-info@mirai-const.co.jp","Fw.system-info","2","False","0","False","未分類","False","無期限","2024/02/09","説明なし","2024/02/09","高","オーナー不在","ac93a0bc-6e74-47b4-92cb-fd4444cab11a"
"電子入札（横浜支店）","メール対応セキュリティグループ","セキュリティ+メール","False","True","True","3","0","0","0","0","未設定","クラウドのみ","True","Fw.bid-info06m@mirai-const.co.jp","Fw.bid-info06m","2","False","0","False","未分類","False","無期限","2024/02/09","説明なし","2024/02/09","高","オーナー不在","ae6504f5-c640-41ed-94da-299ffd134bf5"
"904J賃金台帳（中部）","セキュリティグループ","セキュリティのみ","False","True","False","13","0","0","0","0","未設定","オンプレミス同期","False","設定なし","904J________","0","False","0","False","未分類","False","無期限","2024/07/17","説明なし","2024/07/17","高","オーナー不在","aeb448de-8cf2-4c19-a88b-7ac3c5d12fa8"
"諏訪邊明","メール対応セキュリティグループ","セキュリティ+メール","False","True","True","1","0","0","0","0","未設定","クラウドのみ","True","Fw.a-suwabe@mirai-const.co.jp","Fw.a-suwabe","2","False","0","False","未分類","False","無期限","2024/02/09","説明なし","2024/02/09","高","オーナー不在","afaf0da2-ebc1-4a31-b2be-1c0b846d7282"
"904Y賃金台帳（船員）","セキュリティグループ","セキュリティのみ","False","True","False","12","0","0","0","0","未設定","オンプレミス同期","False","設定なし","904Y________","0","False","0","False","未分類","False","無期限","2024/07/17","説明なし","2024/07/17","高","オーナー不在","b0dd9977-1b1f-46ef-ad12-d7e817a67058"
"901入金管理","セキュリティグループ","セキュリティのみ","False","True","False","42","0","0","0","0","未設定","オンプレミス同期","False","設定なし","901____","0","False","0","False","未分類","False","無期限","2024/07/08","入金管理(支店担当者用)","2024/07/08","高","オーナー不在","b142d0da-39e3-4abc-a8c2-cf998dc30670"
"コンプライアンスホットライン","メール対応セキュリティグループ","セキュリティ+メール","False","True","True","1","0","0","0","0","未設定","クラウドのみ","True","Fw.compliance-hotline@mirai-const.co.jp","Fw.compliance-hotline","2","False","0","False","未分類","False","無期限","2024/02/09","説明なし","2024/02/09","高","オーナー不在","b1e0febc-0920-4a75-bd93-fc6523e0532e"
"SketchUpPro用（サブスク管理）","メール対応セキュリティグループ","セキュリティ+メール","False","True","True","2","0","0","0","0","未設定","クラウドのみ","True","Fw.sketchup@mirai-const.co.jp","Fw.sketchup","2","False","0","False","未分類","False","無期限","2024/02/09","説明なし","2024/02/09","高","オーナー不在","b1e40519-8513-4a83-a87e-c5b16e55ca51"
"中部支店（Zoom）","メール対応セキュリティグループ","セキュリティ+メール","False","True","True","0","0","0","0","0","未設定","クラウドのみ","True","Fw.chubu@mirai-const.co.jp","Fw.chubu","2","False","0","False","未分類","False","無期限","2024/02/09","説明なし","2024/02/09","高","オーナー不在","b3a039fa-91e2-409e-b6ec-5dbfbbf3bf47"
"904賃金台帳","セキュリティグループ","セキュリティのみ","False","True","False","8","0","0","0","0","未設定","オンプレミス同期","False","設定なし","904____","0","False","0","False","未分類","False","無期限","2024/07/17","2020/6/18作成","2024/07/17","高","オーナー不在","b66fa268-40bc-4a26-9633-111fb4616a1a"
"カーボンブラックアラート通知用","メール対応セキュリティグループ","セキュリティ+メール","False","True","True","3","0","0","0","0","未設定","クラウドのみ","True","Fw.mirai-edr@mirai-const.co.jp","Fw.mirai-edr","2","False","0","False","未分類","False","無期限","2024/03/05","カーボンブラックアラート通知用","2024/03/05","高","オーナー不在","b6a35abc-0251-4507-a562-c87c99d39781"
"056大阪","セキュリティグループ","セキュリティのみ","False","True","False","76","0","0","0","0","未設定","オンプレミス同期","False","設定なし","056__","0","False","0","False","未分類","False","無期限","2024/07/17","西日本土木本店・大阪支店","2024/07/17","高","オーナー不在","b8317d88-910a-4a67-a8bf-1194bc9b2871"
"八戸","メール対応セキュリティグループ","セキュリティ+メール","False","True","True","0","0","0","0","0","未設定","クラウドのみ","True","Fw.m-hachinohe@mirai-const.co.jp","Fw.m-hachinohe","2","False","0","False","未分類","False","無期限","2024/02/09","説明なし","2024/02/09","高","オーナー不在","ba582ef0-620b-494d-851e-b436fb7705a8"
"総務部インボイス用","メール対応セキュリティグループ","セキュリティ+メール","False","True","True","5","0","0","0","0","未設定","クラウドのみ","True","Fw.soumu-payment@mirai-const.co.jp","Fw.soumu-payment","2","False","0","False","未分類","False","無期限","2024/02/09","説明なし","2024/02/09","高","オーナー不在","bd4569dd-504f-4e39-aa62-90f92cdad059"
"齋藤隆","メール対応セキュリティグループ","セキュリティ+メール","False","True","True","1","0","0","0","0","未設定","クラウドのみ","True","Fw.ta-saitoh@mirai-const.co.jp","Fw.ta-saitoh","2","False","0","False","未分類","False","無期限","2024/02/09","説明なし","2024/02/09","高","オーナー不在","bd91fa1a-3170-4f50-83ee-18066f948bf8"
"013経理財務","セキュリティグループ","セキュリティのみ","False","True","False","10","0","0","0","0","未設定","オンプレミス同期","False","設定なし","013____","0","False","0","False","未分類","False","無期限","2024/07/17","管理本部・経理部","2024/07/17","高","オーナー不在","bdaef1fb-4c64-4369-a25e-e31c4cb22687"
"Webｱﾌﾟﾘｹｰｼｮﾝﾌｧｲｱｰｳｫｰﾙ(WAF)ﾛｸﾞ転送用","メール対応セキュリティグループ","セキュリティ+メール","False","True","True","0","0","0","0","0","未設定","クラウドのみ","True","Fw.web-waf@mirai-const.co.jp","Fw.web-waf","2","False","0","False","未分類","False","無期限","2024/02/09","説明なし","2024/02/09","高","オーナー不在","c483305e-e8ad-4d68-9610-ea8a98a2b94c"
"CIM用11","メール対応セキュリティグループ","セキュリティ+メール","False","True","True","0","0","0","0","0","未設定","クラウドのみ","True","Fw.cim-master11@mirai-const.co.jp","Fw.cim-master11","2","False","0","False","未分類","False","無期限","2024/02/09","説明なし","2024/02/09","高","オーナー不在","c5686698-6ba1-43b4-b18c-aa61830671b5"
"004監査役（技術本部）","セキュリティグループ","セキュリティのみ","False","True","False","11","0","0","0","0","未設定","オンプレミス同期","False","設定なし","004_________","0","False","0","False","未分類","False","無期限","2024/07/17","監査役（技術本部）","2024/07/17","高","オーナー不在","c6d3c884-e822-452f-b42c-a7f274242526"
"904S賃金台帳（九州）","セキュリティグループ","セキュリティのみ","False","True","False","15","0","0","0","0","未設定","オンプレミス同期","False","設定なし","904S________","0","False","0","False","未分類","False","無期限","2024/07/17","説明なし","2024/07/17","高","オーナー不在","c79604e1-72e5-450e-8187-857d281da09f"
"安否確認管理者用","メール対応セキュリティグループ","セキュリティ+メール","False","True","True","1","0","0","0","0","未設定","クラウドのみ","True","Fw.anpi-admin@mirai-const.co.jp","Fw.anpi-admin","2","False","0","False","未分類","False","無期限","2024/02/09","説明なし","2024/02/09","高","オーナー不在","c8209577-5430-4987-b625-47219aa99ae3"
"G総合評価関連","セキュリティグループ","セキュリティのみ","False","True","False","131","0","0","0","0","未設定","オンプレミス同期","False","設定なし","G______","0","False","0","False","未分類","False","無期限","2024/08/08","2019/7/30作成","2024/08/08","高","オーナー不在, 大規模セキュリティグループ","cab5993e-2e56-4c2d-8dd8-ced2e76ec279"
"東京支店インボイス用","メール対応セキュリティグループ","セキュリティ+メール","False","True","True","4","0","0","0","0","未設定","クラウドのみ","True","Fw.kanri-tokyo@mirai-const.co.jp","Fw.kanri-tokyo","2","False","0","False","未分類","False","無期限","2024/02/09","説明なし","2024/02/09","高","オーナー不在","cbb721ed-5008-4d7a-9be5-6058da78c11c"
"904E賃金台帳（東京）","セキュリティグループ","セキュリティのみ","False","True","False","13","0","0","0","0","未設定","オンプレミス同期","False","設定なし","904E________","0","False","0","False","未分類","False","無期限","2024/07/17","説明なし","2024/07/17","高","オーナー不在","cc3ebcdb-b67c-4f29-8060-02e73134d1cf"
"埋浚四国","Microsoft Teams","統合グループ","True","False","True","1","1","1","0","1","Private","クラウドのみ","True","msteams_57ac2d@mirai-const.co.jp","msteams_57ac2d","3","False","0","False","未分類","False","無期限","2021/08/17","埋浚四国","2021/08/17","低","なし","cd2e6508-3001-474b-8539-431f76597a12"
"002内監","セキュリティグループ","セキュリティのみ","False","True","False","5","0","0","0","0","未設定","オンプレミス同期","False","設定なし","002__","0","False","0","False","未分類","False","無期限","2024/08/01","内部監査室","2024/08/01","高","オーナー不在","ce878bee-c573-44e5-8d6b-f34f23d6bda6"
"CIM用08","メール対応セキュリティグループ","セキュリティ+メール","False","True","True","0","0","0","0","0","未設定","クラウドのみ","True","Fw.cim-master08@mirai-const.co.jp","Fw.cim-master08","2","False","0","False","未分類","False","無期限","2024/02/09","説明なし","2024/02/09","高","オーナー不在","d1cc7bd2-8e4f-4c76-9076-e3c187166e7a"
"004監査役（施工本部）","セキュリティグループ","セキュリティのみ","False","True","False","10","0","0","0","0","未設定","オンプレミス同期","False","設定なし","004_________","0","False","0","False","未分類","False","無期限","2024/07/17","監査役（施工本部）","2024/07/17","高","オーナー不在","d272d414-a2d7-4c1d-8224-9b37ae118d72"
"電子入札用","メール対応セキュリティグループ","セキュリティ+メール","False","True","True","0","0","0","0","0","未設定","クラウドのみ","True","Fw.bid-info17m@mirai-const.co.jp","Fw.bid-info17m","2","False","0","False","未分類","False","無期限","2024/02/09","説明なし","2024/02/09","高","オーナー不在","d3695c82-a4c6-4c87-9e91-1b50c9b3783b"
"小原恒平","メール対応セキュリティグループ","セキュリティ+メール","False","True","True","1","0","0","0","0","未設定","クラウドのみ","True","Fw.k-obara@mirai-const.co.jp","Fw.k-obara","2","False","0","False","未分類","False","無期限","2024/02/09","説明なし","2024/02/09","高","オーナー不在","d4d25f07-82e1-4bda-9608-d1c4da1fd5c8"
"003内統","セキュリティグループ","セキュリティのみ","False","True","False","4","0","0","0","0","未設定","オンプレミス同期","False","設定なし","003__","0","False","0","False","未分類","False","無期限","2024/08/01","内部統制室","2024/08/01","高","オーナー不在","d5933925-cafb-4fcd-9b33-d76fc55fb8bd"
"CIM用06","メール対応セキュリティグループ","セキュリティ+メール","False","True","True","0","0","0","0","0","未設定","クラウドのみ","True","Fw.cim-master06@mirai-const.co.jp","Fw.cim-master06","2","False","0","False","未分類","False","無期限","2024/02/09","説明なし","2024/02/09","高","オーナー不在","d5d0ad1d-0d8b-4b3f-b58c-685a61a0f96a"
"仕訳入力システム通知用","メール対応セキュリティグループ","セキュリティ+メール","False","True","True","0","0","0","0","0","未設定","クラウドのみ","True","Fw.mksystem-alert@mirai-const.co.jp","Fw.mksystem-alert","2","False","0","False","未分類","False","無期限","2024/02/09","説明なし","2024/02/09","高","オーナー不在","d6881979-c4c9-4b32-a264-588e41f94e47"
"CIM用02","メール対応セキュリティグループ","セキュリティ+メール","False","True","True","0","0","0","0","0","未設定","クラウドのみ","True","Fw.cim-master02@mirai-const.co.jp","Fw.cim-master02","2","False","0","False","未分類","False","無期限","2024/02/09","説明なし","2024/02/09","高","オーナー不在","d818f844-7272-4c67-a7fb-984b733b337d"
"佐伯港DropBox利用","メール対応セキュリティグループ","セキュリティ+メール","False","True","True","0","0","0","0","0","未設定","クラウドのみ","True","Fw.saeki2021@mirai-const.co.jp","Fw.saeki2021","2","False","0","False","未分類","False","無期限","2024/02/09","説明なし","2024/02/09","高","オーナー不在","d9bd88df-b14e-428b-9bcf-44336a900737"
"CIM用13","メール対応セキュリティグループ","セキュリティ+メール","False","True","True","0","0","0","0","0","未設定","クラウドのみ","True","Fw.cim-master13@mirai-const.co.jp","Fw.cim-master13","2","False","0","False","未分類","False","無期限","2024/02/09","説明なし","2024/02/09","高","オーナー不在","db424400-965b-423b-ae7f-b7d35b5518ee"
"006情シス","セキュリティグループ","セキュリティのみ","False","True","False","7","0","0","0","0","未設定","オンプレミス同期","False","設定なし","006___","0","False","0","False","未分類","False","無期限","2024/07/03","情報システム","2024/07/03","高","オーナー不在","dcf8894a-4c18-41a5-99df-5b8a3f4ab24e"
"管理（中部）","メール対応セキュリティグループ","セキュリティ+メール","False","True","True","3","0","0","0","0","未設定","クラウドのみ","True","Fw.kanri-chubu@mirai-const.co.jp","Fw.kanri-chubu","2","False","0","False","未分類","False","無期限","2025/05/08","管理（中部）","2025/05/08","高","オーナー不在","dd8026ca-9c1c-4285-b5ab-4f5946df9819"
"SNS共用アカウント","メール対応セキュリティグループ","セキュリティ+メール","False","True","True","0","0","0","0","0","未設定","クラウドのみ","True","Fw.mirai-sns@mirai-const.co.jp","Fw.mirai-sns","2","False","0","False","未分類","False","無期限","2024/02/09","説明なし","2024/02/09","高","オーナー不在","deffb816-c36b-4b55-a46e-deff2602faa6"
"046東京工事","セキュリティグループ","セキュリティのみ","False","True","False","80","0","0","0","0","未設定","オンプレミス同期","False","設定なし","046____","0","False","0","False","未分類","False","無期限","2024/07/08","東京支店工事　2021/02/22再作成","2024/07/08","高","オーナー不在","e1480bda-6729-471c-9d16-4beebcf64065"
"電子入札（千葉営業所）","メール対応セキュリティグループ","セキュリティ+メール","False","True","True","1","0","0","0","0","未設定","クラウドのみ","True","Fw.bid-info05m@mirai-const.co.jp","Fw.bid-info05m","2","False","0","False","未分類","False","無期限","2024/02/09","説明なし","2024/02/09","高","オーナー不在","e1c0db90-cdca-4991-bb16-06ac44ab76de"
"CIM用10","メール対応セキュリティグループ","セキュリティ+メール","False","True","True","0","0","0","0","0","未設定","クラウドのみ","True","Fw.cim-master10@mirai-const.co.jp","Fw.cim-master10","2","False","0","False","未分類","False","無期限","2024/02/09","説明なし","2024/02/09","高","オーナー不在","e6dfa6e0-9113-4c27-8733-87760a20a4c6"
"事業企画室専用","メール対応セキュリティグループ","セキュリティ+メール","False","True","True","0","0","0","0","0","未設定","クラウドのみ","True","Fw.mf-jigyoukikaku@mirai-const.co.jp","Fw.mf-jigyoukikaku","2","False","0","False","未分類","False","無期限","2024/02/09","説明なし","2024/02/09","高","オーナー不在","e839dfed-2917-4fe7-aaaa-c01bd2d957b0"
"CIM用05","メール対応セキュリティグループ","セキュリティ+メール","False","True","True","0","0","0","0","0","未設定","クラウドのみ","True","Fw.cim-master05@mirai-const.co.jp","Fw.cim-master05","2","False","0","False","未分類","False","無期限","2024/02/09","説明なし","2024/02/09","高","オーナー不在","e8b94d91-a8d2-4e06-9de8-6b7eed9182d3"
"電子入札（中国支店）","メール対応セキュリティグループ","セキュリティ+メール","False","True","True","2","0","0","0","0","未設定","クラウドのみ","True","Fw.bid-info11m@mirai-const.co.jp","Fw.bid-info11m","2","False","0","False","未分類","False","無期限","2024/02/09","説明なし","2024/02/09","高","オーナー不在","eb655889-6373-4511-9237-74c4908e71f2"
"ＢＣＰ従業員安否確認","メール対応セキュリティグループ","セキュリティ+メール","False","True","True","0","0","0","0","0","未設定","クラウドのみ","True","Fw.survive@mirai-const.co.jp","Fw.survive","2","False","0","False","未分類","False","無期限","2024/02/09","説明なし","2024/02/09","高","オーナー不在","edead656-9cd3-43d4-9364-56e2ae295326"
"電子入札用","メール対応セキュリティグループ","セキュリティ+メール","False","True","True","0","0","0","0","0","未設定","クラウドのみ","True","Fw.bid-info18m@mirai-const.co.jp","Fw.bid-info18m","2","False","0","False","未分類","False","無期限","2024/02/09","説明なし","2024/02/09","高","オーナー不在","eea7e100-4d2b-4eed-a8d9-d5193eac426d"
"エンゲージメント委員会事務局用（SuggestionBox）","メール対応セキュリティグループ","セキュリティ+メール","False","True","True","2","0","0","0","0","未設定","クラウドのみ","True","Fw.mk-engagement@mirai-const.co.jp","Fw.mk-engagement","2","False","0","False","未分類","False","無期限","2024/02/09","説明なし","2024/02/09","高","オーナー不在","f0383306-e782-4c20-9613-ca6422747f89"
"アストモスエネルギー市川ターミナル　新規桟橋設計・施工業務","Microsoft Teams","統合グループ","True","False","True","4","1","1","0","1","Private","クラウドのみ","True","msteams_45a61b_996020@miraiconst.onmicrosoft.com","msteams_45a61b_996020","2","False","0","False","未分類","False","無期限","2025/04/23","(技術本部技術部)
アストモスエネルギー市川ターミナル　新規桟橋設計・施工業務","2025/04/23","低","なし","f4ee3753-dd1a-47a5-adf3-da43cfb83932"
"建設本部工事部","セキュリティグループ","セキュリティのみ","False","True","False","16","0","0","0","0","未設定","オンプレミス同期","False","設定なし","_______","0","False","0","False","未分類","False","無期限","2024/10/21","建設本部工事部","2024/10/21","高","オーナー不在","f731beaf-93d3-4f3d-97e9-779929cd08f4"
"011総務","セキュリティグループ","セキュリティのみ","False","True","False","14","0","0","0","0","未設定","オンプレミス同期","False","設定なし","011__","0","False","0","False","未分類","False","無期限","2024/07/17","管理本部・総務人事部","2024/07/17","高","オーナー不在","f98a88d2-7ff0-44f7-aa2c-663b17425623"
"903入金管理表","セキュリティグループ","セキュリティのみ","False","True","False","22","0","0","0","0","未設定","オンプレミス同期","False","設定なし","903_____","0","False","0","False","未分類","False","無期限","2024/07/08","集金管理業務用","2024/07/08","高","オーナー不在","fa10add7-9675-4db4-8095-a88baf5f9fe3"
"010稟議専決","セキュリティグループ","セキュリティのみ","False","True","False","36","0","0","0","0","未設定","オンプレミス同期","False","設定なし","010____","0","False","0","False","未分類","False","無期限","2024/07/17","説明なし","2024/07/17","高","オーナー不在","ff1a51cd-5341-41fb-a30e-aef94e3c5679"
